Point# (XPN),XPN X,XPN Y,XPN Z,HTol,LTol,XPR X,XPR Y,XPR Z,Deviation,Error,Correction_Magnitude,Remarks
1.0,24.461,16.317,209.0,0.08,0.0,24.499,16.247,209.0,0.08,0.0,0.843,Out of spec
2.0,23.478,15.936,209.0,0.08,0.0,23.508,15.862,209.0,0.08,-0.0,0.833,Within tolerance
3.0,22.479,15.596,209.0,0.08,0.0,22.516,15.525,209.0,0.08,-0.0,0.809,Within tolerance
4.0,21.488,15.237,209.0,0.08,0.0,21.526,15.167,209.0,0.08,-0.0,0.862,Within tolerance
5.0,20.523,14.81,209.0,0.08,0.0,20.555,14.737,209.0,0.08,-0.0,0.829,Within tolerance
6.0,19.586,14.325,209.0,0.08,0.0,19.622,14.253,209.0,0.08,-0.0,0.828,Within tolerance
7.0,18.676,13.792,209.0,0.08,0.0,18.715,13.722,209.0,0.08,-0.0,0.81,Within tolerance
8.0,17.789,13.222,209.0,0.08,0.0,17.832,13.154,209.0,0.08,-0.0,0.838,Within tolerance
9.0,16.919,12.625,209.0,0.08,0.0,16.953,12.552,209.0,0.08,0.0,0.821,Out of spec
10.0,16.063,12.009,209.0,0.08,0.0,16.108,11.943,209.0,0.08,-0.0,0.793,Within tolerance
11.0,15.218,11.376,209.0,0.08,0.0,15.266,11.312,209.0,0.08,-0.0,0.793,Within tolerance
12.0,14.386,10.729,209.0,0.08,0.0,14.436,10.666,209.0,0.08,-0.0,0.791,Within tolerance
13.0,13.564,10.068,209.0,0.08,0.0,13.616,10.007,209.0,0.08,0.0,0.785,Out of spec
14.0,12.752,9.394,209.0,0.08,0.0,12.797,9.328,209.0,0.08,0.0,0.84,Out of spec
15.0,11.95,8.709,209.0,0.08,0.0,11.997,8.645,209.0,0.08,-0.0,0.827,Within tolerance
16.0,11.156,8.014,209.0,0.08,0.0,11.205,7.951,209.0,0.08,0.0,0.814,Out of spec
17.0,10.37,7.311,209.0,0.08,0.0,10.422,7.25,209.0,0.08,-0.0,0.804,Within tolerance
18.0,9.591,6.6,209.0,0.08,0.0,9.644,6.54,209.0,0.08,-0.0,0.798,Within tolerance
19.0,8.817,5.882,209.0,0.08,0.0,8.86,5.815,209.0,0.08,-0.0,0.802,Within tolerance
20.0,8.049,5.16,209.0,0.08,0.0,8.108,5.105,209.0,0.08,-0.0,0.791,Within tolerance
21.0,7.285,4.432,209.0,0.08,0.0,7.344,4.378,209.0,0.08,-0.0,0.802,Within tolerance
22.0,6.526,3.7,209.0,0.08,0.0,6.586,3.648,209.0,0.08,0.0,0.809,Out of spec
23.0,5.77,2.964,209.0,0.08,0.0,5.831,2.914,209.0,0.08,-0.0,0.793,Within tolerance
24.0,5.017,2.225,209.0,0.08,0.0,5.067,2.162,209.0,0.08,-0.0,0.798,Within tolerance
25.0,4.268,1.482,209.0,0.08,0.0,4.318,1.42,209.0,0.08,-0.0,0.801,Within tolerance
26.0,3.522,0.737,209.0,0.08,0.0,3.574,0.676,209.0,0.08,0.0,0.802,Out of spec
27.0,2.778,-0.012,209.0,0.08,0.0,2.831,-0.072,209.0,0.08,0.0,0.803,Out of spec
28.0,2.038,-0.763,209.0,0.08,0.0,2.091,-0.822,209.0,0.08,-0.0,0.805,Within tolerance
29.0,1.299,-1.516,209.0,0.08,0.0,1.353,-1.575,209.0,0.08,0.0,0.803,Out of spec
30.0,0.563,-2.272,209.0,0.08,0.0,0.615,-2.332,209.0,0.08,0.0,0.803,Out of spec
31.0,-0.171,-3.029,209.0,0.08,0.0,-0.113,-3.084,209.0,0.08,-0.0,0.762,Within tolerance
32.0,-0.904,-3.788,209.0,0.08,0.0,-0.845,-3.843,209.0,0.08,0.0,0.758,Out of spec
33.0,-1.634,-4.55,209.0,0.08,0.0,-1.576,-4.605,209.0,0.08,0.0,0.753,Out of spec
34.0,-2.361,-5.313,209.0,0.08,0.0,-2.304,-5.369,209.0,0.08,0.0,0.751,Out of spec
35.0,-3.087,-6.079,209.0,0.08,0.0,-3.025,-6.129,209.0,0.08,-0.0,0.751,Within tolerance
36.0,-3.811,-6.846,209.0,0.08,0.0,-3.752,-6.901,209.0,0.08,-0.0,0.749,Within tolerance
37.0,-4.532,-7.616,209.0,0.08,0.0,-4.475,-7.672,209.0,0.08,0.0,0.753,Out of spec
38.0,-5.252,-8.388,209.0,0.08,0.0,-5.192,-8.441,209.0,0.08,0.0,0.754,Out of spec
39.0,-5.969,-9.161,209.0,0.08,0.0,-5.91,-9.215,209.0,0.08,-0.0,0.754,Within tolerance
40.0,-6.684,-9.937,209.0,0.08,0.0,-6.618,-9.983,209.0,0.08,-0.0,0.762,Within tolerance
41.0,-7.396,-10.715,209.0,0.08,0.0,-7.341,-10.774,209.0,0.08,-0.0,0.757,Within tolerance
42.0,-8.106,-11.496,209.0,0.08,0.0,-8.048,-11.551,209.0,0.08,-0.0,0.753,Within tolerance
43.0,-8.812,-12.279,209.0,0.08,0.0,-8.752,-12.331,209.0,0.08,0.0,0.752,Out of spec
44.0,-9.516,-13.065,209.0,0.08,0.0,-9.452,-13.114,209.0,0.08,-0.0,0.752,Within tolerance
45.0,-10.215,-13.855,209.0,0.08,0.0,-10.151,-13.902,209.0,0.08,0.0,0.749,Out of spec
46.0,-10.911,-14.648,209.0,0.08,0.0,-10.847,-14.696,209.0,0.08,-0.0,0.744,Within tolerance
47.0,-11.603,-15.444,209.0,0.08,0.0,-11.538,-15.49,209.0,0.08,-0.0,0.74,Within tolerance
48.0,-12.292,-16.242,209.0,0.08,0.0,-12.237,-16.3,209.0,0.08,0.0,0.779,Out of spec
49.0,-12.978,-17.043,209.0,0.08,0.0,-12.924,-17.102,209.0,0.08,-0.0,0.773,Within tolerance
50.0,-13.662,-17.847,209.0,0.08,0.0,-13.607,-17.905,209.0,0.08,0.0,0.765,Out of spec
51.0,-14.344,-18.652,209.0,0.08,0.0,-14.29,-18.712,209.0,0.08,-0.0,0.76,Within tolerance
52.0,-15.023,-19.459,209.0,0.08,0.0,-14.956,-19.502,209.0,0.08,0.0,0.753,Out of spec
53.0,-15.701,-20.267,209.0,0.08,0.0,-15.635,-20.313,209.0,0.08,0.0,0.741,Out of spec
54.0,-16.377,-21.077,209.0,0.08,0.0,-16.314,-21.126,209.0,0.08,-0.0,0.734,Within tolerance
55.0,-17.052,-21.888,209.0,0.08,0.0,-16.99,-21.938,209.0,0.08,-0.0,0.735,Within tolerance
56.0,-17.726,-22.699,209.0,0.08,0.0,-17.666,-22.752,209.0,0.08,-0.0,0.741,Within tolerance
57.0,-18.4,-23.51,209.0,0.08,0.0,-18.345,-23.568,209.0,0.08,0.0,0.756,Out of spec
58.0,-19.074,-24.322,209.0,0.08,0.0,-19.022,-24.383,209.0,0.08,0.0,0.749,Out of spec
59.0,-19.748,-25.134,209.0,0.08,0.0,-19.68,-25.178,209.0,0.08,-0.0,0.748,Within tolerance
60.0,-20.421,-25.946,209.0,0.08,0.0,-20.359,-25.997,209.0,0.08,0.0,0.76,Out of spec
61.0,-21.096,-26.757,209.0,0.08,0.0,-21.05,-26.822,209.0,0.08,-0.0,0.693,Within tolerance
62.0,-21.148,-26.808,209.0,0.08,0.0,-21.097,-26.869,209.0,0.08,-0.0,0.684,Within tolerance
63.0,-21.21,-26.849,209.0,0.08,0.0,-21.152,-26.905,209.0,0.08,-0.0,0.696,Within tolerance
64.0,-21.278,-26.877,209.0,0.08,0.0,-21.251,-26.953,209.0,0.08,-0.0,0.706,Within tolerance
65.0,-21.35,-26.892,209.0,0.08,0.0,-21.316,-26.964,209.0,0.08,0.0,0.719,Out of spec
66.0,-21.423,-26.893,209.0,0.08,0.0,-21.384,-26.962,209.0,0.08,-0.0,0.752,Within tolerance
67.0,-21.496,-26.879,209.0,0.08,0.0,-21.514,-26.957,209.0,0.08,-0.0,0.754,Within tolerance
68.0,-21.564,-26.852,209.0,0.08,0.0,-21.599,-26.924,209.0,0.08,-0.0,0.762,Within tolerance
69.0,-21.627,-26.813,209.0,0.08,0.0,-21.655,-26.888,209.0,0.08,-0.0,0.773,Within tolerance
70.0,-21.68,-26.763,209.0,0.08,0.0,-21.703,-26.839,209.0,0.08,-0.0,0.804,Within tolerance
71.0,-21.723,-26.703,209.0,0.08,0.0,-21.741,-26.781,209.0,0.08,-0.0,0.851,Within tolerance
72.0,-21.754,-26.636,209.0,0.08,0.0,-21.812,-26.691,209.0,0.08,-0.0,0.894,Within tolerance
73.0,-21.772,-26.565,209.0,0.08,0.0,-21.826,-26.623,209.0,0.08,-0.0,0.933,Within tolerance
74.0,-21.775,-26.491,209.0,0.08,0.0,-21.848,-26.524,209.0,0.08,-0.0,0.963,Within tolerance
75.0,-21.765,-26.418,209.0,0.08,0.0,-21.836,-26.455,209.0,0.08,0.0,1.004,Out of spec
76.0,-21.741,-26.349,209.0,0.08,0.0,-21.81,-26.389,209.0,0.08,0.0,1.059,Out of spec
77.0,-21.345,-25.501,209.0,0.08,0.0,-21.419,-25.472,209.0,0.08,-0.0,1.146,Within tolerance
78.0,-20.922,-24.666,209.0,0.08,0.0,-20.991,-24.625,209.0,0.08,0.0,1.147,Out of spec
79.0,-20.474,-23.845,209.0,0.08,0.0,-20.546,-23.809,209.0,0.08,-0.0,1.142,Within tolerance
80.0,-20.012,-23.032,209.0,0.08,0.0,-20.077,-22.984,209.0,0.08,-0.0,1.147,Within tolerance
81.0,-19.545,-22.221,209.0,0.08,0.0,-19.613,-22.179,209.0,0.08,-0.0,1.139,Within tolerance
82.0,-19.073,-21.414,209.0,0.08,0.0,-19.143,-21.376,209.0,0.08,-0.0,1.138,Within tolerance
83.0,-18.595,-20.609,209.0,0.08,0.0,-18.659,-20.561,209.0,0.08,0.0,1.146,Out of spec
84.0,-18.111,-19.809,209.0,0.08,0.0,-18.179,-19.765,209.0,0.08,0.0,1.141,Out of spec
85.0,-17.621,-19.012,209.0,0.08,0.0,-17.692,-18.974,209.0,0.08,0.0,1.147,Out of spec
86.0,-17.125,-18.218,209.0,0.08,0.0,-17.189,-18.17,209.0,0.08,-0.0,1.151,Within tolerance
87.0,-16.625,-17.428,209.0,0.08,0.0,-16.692,-17.385,209.0,0.08,0.0,1.148,Out of spec
88.0,-16.119,-16.641,209.0,0.08,0.0,-16.189,-16.603,209.0,0.08,0.0,1.152,Out of spec
89.0,-15.608,-15.857,209.0,0.08,0.0,-15.672,-15.809,209.0,0.08,0.0,1.154,Out of spec
90.0,-15.092,-15.077,209.0,0.08,0.0,-15.159,-15.034,209.0,0.08,0.0,1.151,Out of spec
91.0,-14.57,-14.301,209.0,0.08,0.0,-14.64,-14.263,209.0,0.08,-0.0,1.157,Within tolerance
92.0,-14.042,-13.529,209.0,0.08,0.0,-14.106,-13.481,209.0,0.08,0.0,1.153,Out of spec
93.0,-13.508,-12.76,209.0,0.08,0.0,-13.576,-12.719,209.0,0.08,0.0,1.156,Out of spec
94.0,-12.968,-11.997,209.0,0.08,0.0,-13.037,-11.957,209.0,0.08,0.0,1.114,Out of spec
95.0,-12.422,-11.237,209.0,0.08,0.0,-12.485,-11.188,209.0,0.08,0.0,1.11,Out of spec
96.0,-11.869,-10.482,209.0,0.08,0.0,-11.936,-10.439,209.0,0.08,-0.0,1.115,Within tolerance
97.0,-11.31,-9.732,209.0,0.08,0.0,-11.371,-9.68,209.0,0.08,0.0,1.119,Out of spec
98.0,-10.745,-8.987,209.0,0.08,0.0,-10.81,-8.94,209.0,0.08,0.0,1.121,Out of spec
99.0,-10.173,-8.246,209.0,0.08,0.0,-10.23,-8.191,209.0,0.08,-0.0,1.131,Within tolerance
100.0,-9.594,-7.512,209.0,0.08,0.0,-9.656,-7.462,209.0,0.08,0.0,1.127,Out of spec
101.0,-9.008,-6.782,209.0,0.08,0.0,-9.075,-6.738,209.0,0.08,0.0,1.136,Out of spec
102.0,-8.416,-6.058,209.0,0.08,0.0,-8.477,-6.005,209.0,0.08,0.0,1.133,Out of spec
103.0,-7.817,-5.339,209.0,0.08,0.0,-7.882,-5.293,209.0,0.08,0.0,1.139,Out of spec
104.0,-7.212,-4.626,209.0,0.08,0.0,-7.271,-4.572,209.0,0.08,-0.0,1.138,Within tolerance
105.0,-6.599,-3.918,209.0,0.08,0.0,-6.664,-3.871,209.0,0.08,0.0,1.143,Out of spec
106.0,-5.981,-3.217,209.0,0.08,0.0,-6.04,-3.163,209.0,0.08,0.0,1.143,Out of spec
107.0,-5.355,-2.521,209.0,0.08,0.0,-5.41,-2.463,209.0,0.08,0.0,1.115,Out of spec
108.0,-4.723,-1.831,209.0,0.08,0.0,-4.785,-1.78,209.0,0.08,0.0,1.114,Out of spec
109.0,-4.085,-1.147,209.0,0.08,0.0,-4.142,-1.091,209.0,0.08,0.0,1.117,Out of spec
110.0,-3.441,-0.469,209.0,0.08,0.0,-3.494,-0.409,209.0,0.08,-0.0,1.122,Within tolerance
111.0,-2.791,0.204,209.0,0.08,0.0,-2.853,0.254,209.0,0.08,0.0,1.125,Out of spec
112.0,-2.135,0.871,209.0,0.08,0.0,-2.196,0.923,209.0,0.08,0.0,1.124,Out of spec
113.0,-1.474,1.532,209.0,0.08,0.0,-1.535,1.584,209.0,0.08,0.0,1.125,Out of spec
114.0,-0.807,2.188,209.0,0.08,0.0,-0.858,2.25,209.0,0.08,0.0,1.125,Out of spec
115.0,-0.134,2.839,209.0,0.08,0.0,-0.187,2.899,209.0,0.08,0.0,1.125,Out of spec
116.0,0.543,3.484,209.0,0.08,0.0,0.488,3.542,209.0,0.08,0.0,1.129,Out of spec
117.0,1.226,4.124,209.0,0.08,0.0,1.167,4.178,209.0,0.08,-0.0,1.134,Within tolerance
118.0,1.914,4.758,209.0,0.08,0.0,1.862,4.819,209.0,0.08,-0.0,1.136,Within tolerance
119.0,2.607,5.386,209.0,0.08,0.0,2.563,5.454,209.0,0.08,0.0,1.119,Out of spec
120.0,3.305,6.009,209.0,0.08,0.0,3.247,6.064,209.0,0.08,-0.0,1.111,Within tolerance
121.0,4.009,6.625,209.0,0.08,0.0,3.958,6.687,209.0,0.08,0.0,1.11,Out of spec
122.0,4.718,7.236,209.0,0.08,0.0,4.664,7.294,209.0,0.08,0.0,1.114,Out of spec
123.0,5.432,7.839,209.0,0.08,0.0,5.385,7.904,209.0,0.08,0.0,1.118,Out of spec
124.0,6.152,8.437,209.0,0.08,0.0,6.102,8.499,209.0,0.08,-0.0,1.116,Within tolerance
125.0,6.877,9.028,209.0,0.08,0.0,6.823,9.087,209.0,0.08,0.0,1.119,Out of spec
126.0,7.608,9.612,209.0,0.08,0.0,7.561,9.677,209.0,0.08,0.0,1.119,Out of spec
127.0,8.345,10.188,209.0,0.08,0.0,8.295,10.25,209.0,0.08,-0.0,1.12,Within tolerance
128.0,9.09,10.755,209.0,0.08,0.0,9.047,10.822,209.0,0.08,0.0,1.125,Out of spec
129.0,9.841,11.312,209.0,0.08,0.0,9.794,11.377,209.0,0.08,0.0,1.121,Out of spec
130.0,10.6,11.859,209.0,0.08,0.0,10.549,11.92,209.0,0.08,-0.0,1.123,Within tolerance
131.0,11.368,12.393,209.0,0.08,0.0,11.324,12.46,209.0,0.08,-0.0,1.12,Within tolerance
132.0,12.145,12.913,209.0,0.08,0.0,12.097,12.977,209.0,0.08,-0.0,1.126,Within tolerance
133.0,12.933,13.419,209.0,0.08,0.0,12.892,13.488,209.0,0.08,-0.0,1.13,Within tolerance
134.0,13.73,13.907,209.0,0.08,0.0,13.685,13.973,209.0,0.08,0.0,1.141,Out of spec
135.0,14.539,14.378,209.0,0.08,0.0,14.502,14.449,209.0,0.08,0.0,1.146,Out of spec
136.0,15.359,14.828,209.0,0.08,0.0,15.329,14.901,209.0,0.08,-0.0,1.126,Within tolerance
137.0,16.191,15.255,209.0,0.08,0.0,16.155,15.326,209.0,0.08,-0.0,1.15,Within tolerance
138.0,17.036,15.658,209.0,0.08,0.0,17.008,15.733,209.0,0.08,-0.0,1.143,Within tolerance
139.0,17.893,16.033,209.0,0.08,0.0,17.86,16.106,209.0,0.08,-0.0,1.136,Within tolerance
140.0,18.764,16.373,209.0,0.08,0.0,18.74,16.45,209.0,0.08,-0.0,1.138,Within tolerance
141.0,19.652,16.668,209.0,0.08,0.0,19.624,16.743,209.0,0.08,0.0,1.138,Out of spec
142.0,20.557,16.902,209.0,0.08,0.0,20.543,16.98,209.0,0.08,0.0,1.144,Out of spec
143.0,21.479,17.061,209.0,0.08,0.0,21.464,17.139,209.0,0.08,-0.0,1.135,Within tolerance
144.0,22.41,17.149,209.0,0.08,0.0,22.404,17.229,209.0,0.08,-0.0,1.146,Within tolerance
145.0,23.345,17.191,209.0,0.08,0.0,23.337,17.27,209.0,0.08,-0.0,1.16,Within tolerance
146.0,24.28,17.209,209.0,0.08,0.0,24.298,17.287,209.0,0.08,0.0,1.147,Out of spec
147.0,24.365,17.202,209.0,0.08,0.0,24.407,17.27,209.0,0.08,-0.0,1.115,Within tolerance
148.0,24.448,17.18,209.0,0.08,0.0,24.496,17.244,209.0,0.08,-0.0,1.092,Within tolerance
149.0,24.524,17.143,209.0,0.08,0.0,24.568,17.21,209.0,0.08,-0.0,1.078,Within tolerance
150.0,24.593,17.093,209.0,0.08,0.0,24.644,17.155,209.0,0.08,-0.0,1.072,Within tolerance
151.0,24.652,17.031,209.0,0.08,0.0,24.729,17.053,209.0,0.08,-0.0,1.031,Within tolerance
152.0,24.698,16.959,209.0,0.08,0.0,24.777,16.953,209.0,0.08,-0.0,0.989,Within tolerance
153.0,24.73,16.88,209.0,0.08,0.0,24.81,16.88,209.0,0.08,0.0,0.954,Out of spec
154.0,24.747,16.796,209.0,0.08,0.0,24.826,16.803,209.0,0.08,0.0,0.941,Out of spec
155.0,24.748,16.711,209.0,0.08,0.0,24.819,16.675,209.0,0.08,0.0,0.932,Out of spec
156.0,24.734,16.627,209.0,0.08,0.0,24.791,16.571,209.0,0.08,0.0,0.903,Out of spec
157.0,24.704,16.547,209.0,0.08,0.0,24.766,16.496,209.0,0.08,-0.0,0.872,Within tolerance
158.0,24.66,16.473,209.0,0.08,0.0,24.709,16.41,209.0,0.08,0.0,0.845,Out of spec
159.0,24.604,16.409,209.0,0.08,0.0,24.658,16.351,209.0,0.08,-0.0,0.833,Within tolerance
160.0,24.537,16.357,209.0,0.08,0.0,24.597,16.304,209.0,0.08,0.0,0.845,Out of spec
161.0,24.461,16.317,209.0,0.08,0.0,24.499,16.247,209.0,0.08,0.0,0.843,Out of spec
