Point# (XPN),XPN X,XPN Y,XPN Z,HTol,LTol,XPR X,XPR Y,XPR Z,I,J,K,Deviation,Error,Correction_Magnitude,Remarks
1.0,23.11,18.18,220.0,0.08,0.0,23.146,18.109,220.0,0.512,-0.859,0.0,0.08,-0.0,0.726,Within tolerance
2.0,22.317,17.754,220.0,0.08,0.0,22.352,17.682,220.0,0.434,-0.901,0.0,0.08,-0.0,0.714,Within tolerance
3.0,21.497,17.382,220.0,0.08,0.0,21.539,17.314,220.0,0.428,-0.904,0.0,0.08,-0.0,0.736,Within tolerance
4.0,20.672,17.02,220.0,0.08,0.0,20.701,16.946,220.0,0.49,-0.872,0.0,0.08,-0.0,0.751,Within tolerance
5.0,19.871,16.608,220.0,0.08,0.0,19.907,16.536,220.0,0.507,-0.862,0.0,0.08,0.0,0.754,Out of spec
6.0,19.096,16.148,220.0,0.08,0.0,19.14,16.081,220.0,0.529,-0.849,0.0,0.08,-0.0,0.777,Within tolerance
7.0,18.345,15.651,220.0,0.08,0.0,18.395,15.589,220.0,0.555,-0.832,0.0,0.08,0.0,0.772,Out of spec
8.0,17.613,15.126,220.0,0.08,0.0,17.655,15.057,220.0,0.584,-0.811,0.0,0.08,-0.0,0.79,Within tolerance
9.0,16.897,14.579,220.0,0.08,0.0,16.945,14.515,220.0,0.607,-0.795,0.0,0.08,0.0,0.775,Out of spec
10.0,16.194,14.016,220.0,0.08,0.0,16.248,13.958,220.0,0.627,-0.779,0.0,0.08,-0.0,0.769,Within tolerance
11.0,15.501,13.441,220.0,0.08,0.0,15.546,13.375,220.0,0.649,-0.76,0.0,0.08,-0.0,0.771,Within tolerance
12.0,14.817,12.854,220.0,0.08,0.0,14.869,12.793,220.0,0.664,-0.748,0.0,0.08,-0.0,0.771,Within tolerance
13.0,14.142,12.257,220.0,0.08,0.0,14.183,12.188,220.0,0.676,-0.736,0.0,0.08,-0.0,0.762,Within tolerance
14.0,13.475,11.652,220.0,0.08,0.0,13.522,11.587,220.0,0.682,-0.731,0.0,0.08,0.0,0.76,Out of spec
15.0,12.814,11.039,220.0,0.08,0.0,12.868,10.979,220.0,0.687,-0.726,0.0,0.08,0.0,0.76,Out of spec
16.0,12.16,10.42,220.0,0.08,0.0,12.218,10.365,220.0,0.692,-0.722,0.0,0.08,-0.0,0.763,Within tolerance
17.0,11.511,9.796,220.0,0.08,0.0,11.56,9.733,220.0,0.697,-0.717,0.0,0.08,-0.0,0.765,Within tolerance
18.0,10.866,9.166,220.0,0.08,0.0,10.922,9.108,220.0,0.701,-0.713,0.0,0.08,-0.0,0.792,Within tolerance
19.0,10.227,8.531,220.0,0.08,0.0,10.287,8.478,220.0,0.705,-0.709,0.0,0.08,-0.0,0.79,Within tolerance
20.0,9.592,7.892,220.0,0.08,0.0,9.643,7.83,220.0,0.71,-0.704,0.0,0.08,-0.0,0.79,Within tolerance
21.0,8.962,7.248,220.0,0.08,0.0,9.018,7.191,220.0,0.714,-0.7,0.0,0.08,-0.0,0.782,Within tolerance
22.0,8.336,6.601,220.0,0.08,0.0,8.396,6.549,220.0,0.717,-0.697,0.0,0.08,0.0,0.78,Out of spec
23.0,7.713,5.95,220.0,0.08,0.0,7.766,5.89,220.0,0.722,-0.692,0.0,0.08,0.0,0.779,Out of spec
24.0,7.093,5.296,220.0,0.08,0.0,7.147,5.237,220.0,0.726,-0.688,0.0,0.08,0.0,0.777,Out of spec
25.0,6.476,4.639,220.0,0.08,0.0,6.527,4.578,220.0,0.73,-0.683,0.0,0.08,-0.0,0.782,Within tolerance
26.0,5.862,3.98,220.0,0.08,0.0,5.923,3.928,220.0,0.733,-0.68,0.0,0.08,-0.0,0.778,Within tolerance
27.0,5.251,3.318,220.0,0.08,0.0,5.307,3.261,220.0,0.737,-0.676,0.0,0.08,-0.0,0.78,Within tolerance
28.0,4.642,2.655,220.0,0.08,0.0,4.707,2.608,220.0,0.739,-0.673,0.0,0.08,0.0,0.787,Out of spec
29.0,4.035,1.989,220.0,0.08,0.0,4.092,1.933,220.0,0.742,-0.671,0.0,0.08,-0.0,0.783,Within tolerance
30.0,3.43,1.321,220.0,0.08,0.0,3.494,1.273,220.0,0.743,-0.669,0.0,0.08,0.0,0.788,Out of spec
31.0,2.827,0.652,220.0,0.08,0.0,2.882,0.594,220.0,0.744,-0.668,0.0,0.08,0.0,0.787,Out of spec
32.0,2.226,-0.019,220.0,0.08,0.0,2.287,-0.071,220.0,0.745,-0.667,0.0,0.08,0.0,0.785,Out of spec
33.0,1.626,-0.692,220.0,0.08,0.0,1.679,-0.752,220.0,0.746,-0.666,0.0,0.08,-0.0,0.789,Within tolerance
34.0,1.028,-1.366,220.0,0.08,0.0,1.089,-1.418,220.0,0.748,-0.664,0.0,0.08,0.0,0.791,Out of spec
35.0,0.432,-2.041,220.0,0.08,0.0,0.497,-2.087,220.0,0.749,-0.663,0.0,0.08,-0.0,0.788,Within tolerance
36.0,-0.163,-2.717,220.0,0.08,0.0,-0.106,-2.773,220.0,0.751,-0.661,0.0,0.08,-0.0,0.779,Within tolerance
37.0,-0.757,-3.395,220.0,0.08,0.0,-0.692,-3.442,220.0,0.752,-0.66,0.0,0.08,-0.0,0.784,Within tolerance
38.0,-1.349,-4.074,220.0,0.08,0.0,-1.291,-4.128,220.0,0.753,-0.658,0.0,0.08,-0.0,0.813,Within tolerance
39.0,-1.941,-4.753,220.0,0.08,0.0,-1.887,-4.812,220.0,0.754,-0.657,0.0,0.08,-0.0,0.791,Within tolerance
40.0,-2.532,-5.433,220.0,0.08,0.0,-2.469,-5.483,220.0,0.755,-0.656,0.0,0.08,-0.0,0.776,Within tolerance
41.0,-3.121,-6.114,220.0,0.08,0.0,-3.054,-6.158,220.0,0.756,-0.655,0.0,0.08,0.0,0.781,Out of spec
42.0,-3.71,-6.796,220.0,0.08,0.0,-3.653,-6.853,220.0,0.757,-0.654,0.0,0.08,0.0,0.772,Out of spec
43.0,-4.297,-7.48,220.0,0.08,0.0,-4.235,-7.53,220.0,0.758,-0.653,0.0,0.08,0.0,0.77,Out of spec
44.0,-4.883,-8.164,220.0,0.08,0.0,-4.816,-8.207,220.0,0.759,-0.651,0.0,0.08,0.0,0.776,Out of spec
45.0,-5.468,-8.849,220.0,0.08,0.0,-5.412,-8.906,220.0,0.76,-0.649,0.0,0.08,-0.0,0.771,Within tolerance
46.0,-6.052,-9.535,220.0,0.08,0.0,-5.991,-9.587,220.0,0.762,-0.648,0.0,0.08,0.0,0.768,Out of spec
47.0,-6.634,-10.223,220.0,0.08,0.0,-6.568,-10.269,220.0,0.763,-0.646,0.0,0.08,0.0,0.771,Out of spec
48.0,-7.214,-10.912,220.0,0.08,0.0,-7.144,-10.95,220.0,0.764,-0.645,0.0,0.08,0.0,0.783,Out of spec
49.0,-7.793,-11.602,220.0,0.08,0.0,-7.75,-11.669,220.0,0.767,-0.642,0.0,0.08,0.0,0.816,Out of spec
50.0,-8.371,-12.293,220.0,0.08,0.0,-8.306,-12.339,220.0,0.768,-0.641,0.0,0.08,-0.0,0.777,Within tolerance
51.0,-8.947,-12.986,220.0,0.08,0.0,-8.894,-13.046,220.0,0.769,-0.639,0.0,0.08,-0.0,0.783,Within tolerance
52.0,-9.522,-13.68,220.0,0.08,0.0,-9.463,-13.735,220.0,0.77,-0.638,0.0,0.08,0.0,0.775,Within tolerance
53.0,-10.095,-14.375,220.0,0.08,0.0,-10.032,-14.425,220.0,0.771,-0.637,0.0,0.08,-0.0,0.771,Within tolerance
54.0,-10.666,-15.071,220.0,0.08,0.0,-10.6,-15.116,220.0,0.772,-0.636,0.0,0.08,-0.0,0.773,Within tolerance
55.0,-11.237,-15.769,220.0,0.08,0.0,-11.182,-15.828,220.0,0.773,-0.635,0.0,0.08,-0.0,0.817,Within tolerance
56.0,-11.806,-16.467,220.0,0.08,0.0,-11.747,-16.521,220.0,0.774,-0.634,0.0,0.08,0.0,0.807,Out of spec
57.0,-12.373,-17.167,220.0,0.08,0.0,-12.31,-17.216,220.0,0.774,-0.633,0.0,0.08,0.0,0.801,Out of spec
58.0,-12.94,-17.867,220.0,0.08,0.0,-12.873,-17.91,220.0,0.775,-0.632,0.0,0.08,0.0,0.805,Out of spec
59.0,-13.506,-18.568,220.0,0.08,0.0,-13.45,-18.626,220.0,0.777,-0.63,0.0,0.08,0.0,0.801,Within tolerance
60.0,-14.07,-19.27,220.0,0.08,0.0,-14.009,-19.322,220.0,0.778,-0.628,0.0,0.08,-0.0,0.793,Within tolerance
61.0,-14.634,-19.973,220.0,0.08,0.0,-14.569,-20.02,220.0,0.78,-0.626,0.0,0.08,0.0,0.793,Out of spec
62.0,-15.196,-20.677,220.0,0.08,0.0,-15.128,-20.718,220.0,0.781,-0.624,0.0,0.08,0.0,0.797,Out of spec
63.0,-15.758,-21.381,220.0,0.08,0.0,-15.702,-21.438,220.0,0.784,-0.621,0.0,0.08,0.0,0.794,Out of spec
64.0,-16.319,-22.086,220.0,0.08,0.0,-16.258,-22.138,220.0,0.785,-0.619,0.0,0.08,-0.0,0.792,Within tolerance
65.0,-16.879,-22.792,220.0,0.08,0.0,-16.814,-22.839,220.0,0.788,-0.615,0.0,0.08,-0.0,0.798,Within tolerance
66.0,-17.439,-23.498,220.0,0.08,0.0,-17.37,-23.54,220.0,0.795,-0.607,0.0,0.08,-0.0,0.814,Within tolerance
67.0,-17.997,-24.204,220.0,0.08,0.0,-17.941,-24.261,220.0,0.797,-0.604,0.0,0.08,0.0,0.795,Out of spec
68.0,-18.555,-24.912,220.0,0.08,0.0,-18.498,-24.968,220.0,0.802,-0.598,0.0,0.08,-0.0,0.764,Within tolerance
69.0,-19.113,-25.619,220.0,0.08,0.0,-19.053,-25.672,220.0,0.799,-0.601,0.0,0.08,0.0,0.784,Out of spec
70.0,-19.669,-26.328,220.0,0.08,0.0,-19.605,-26.376,220.0,0.798,-0.603,0.0,0.08,-0.0,0.801,Within tolerance
71.0,-20.225,-27.037,220.0,0.08,0.0,-20.188,-27.107,220.0,0.522,-0.853,0.0,0.08,-0.0,0.742,Within tolerance
72.0,-20.274,-27.087,220.0,0.08,0.0,-20.231,-27.155,220.0,0.522,-0.853,0.0,0.08,-0.0,0.723,Within tolerance
73.0,-20.332,-27.128,220.0,0.08,0.0,-20.309,-27.205,220.0,0.275,-0.962,0.0,0.08,-0.0,0.708,Within tolerance
74.0,-20.396,-27.156,220.0,0.08,0.0,-20.396,-27.236,220.0,0.035,-0.999,0.0,0.08,-0.0,0.69,Within tolerance
75.0,-20.465,-27.172,220.0,0.08,0.0,-20.457,-27.251,220.0,0.035,-0.999,0.0,0.08,-0.0,0.678,Within tolerance
76.0,-20.535,-27.173,220.0,0.08,0.0,-20.546,-27.253,220.0,-0.167,-0.986,0.0,0.08,-0.0,0.683,Within tolerance
77.0,-20.604,-27.162,220.0,0.08,0.0,-20.624,-27.239,220.0,-0.281,-0.96,0.0,0.08,-0.0,0.676,Within tolerance
78.0,-20.67,-27.137,220.0,0.08,0.0,-20.7,-27.211,220.0,-0.395,-0.918,0.0,0.08,-0.0,0.683,Within tolerance
79.0,-20.73,-27.1,220.0,0.08,0.0,-20.769,-27.169,220.0,-0.492,-0.871,0.0,0.08,-0.0,0.692,Within tolerance
80.0,-20.781,-27.052,220.0,0.08,0.0,-20.814,-27.125,220.0,-0.492,-0.871,0.0,0.08,0.0,0.712,Out of spec
81.0,-20.822,-26.995,220.0,0.08,0.0,-20.872,-27.057,220.0,-0.637,-0.771,0.0,0.08,-0.0,0.74,Within tolerance
82.0,-20.851,-26.931,220.0,0.08,0.0,-20.897,-26.997,220.0,-0.637,-0.771,0.0,0.08,0.0,0.774,Out of spec
83.0,-20.868,-26.863,220.0,0.08,0.0,-20.931,-26.912,220.0,-0.779,-0.627,0.0,0.08,-0.0,0.818,Within tolerance
84.0,-20.871,-26.792,220.0,0.08,0.0,-20.936,-26.838,220.0,-0.817,-0.577,0.0,0.08,-0.0,0.859,Within tolerance
85.0,-20.86,-26.723,220.0,0.08,0.0,-20.923,-26.772,220.0,-0.817,-0.577,0.0,0.08,0.0,0.909,Out of spec
86.0,-20.836,-26.657,220.0,0.08,0.0,-20.915,-26.669,220.0,-1.0,-0.021,-0.015,0.08,-0.0,0.963,Within tolerance
87.0,-20.431,-25.827,220.0,0.08,0.0,-20.506,-25.802,220.0,-0.906,0.423,-0.018,0.08,0.0,1.09,Out of spec
88.0,-20.003,-25.009,220.0,0.08,0.0,-20.073,-24.97,220.0,-0.879,0.476,-0.018,0.08,-0.0,1.091,Within tolerance
89.0,-19.555,-24.201,220.0,0.08,0.0,-19.627,-24.166,220.0,-0.867,0.498,-0.018,0.08,-0.0,1.088,Within tolerance
90.0,-19.093,-23.402,220.0,0.08,0.0,-19.158,-23.355,220.0,-0.861,0.508,-0.018,0.08,-0.0,1.087,Within tolerance
91.0,-18.62,-22.608,220.0,0.08,0.0,-18.689,-22.567,220.0,-0.86,0.511,-0.018,0.08,0.0,1.085,Out of spec
92.0,-18.143,-21.818,220.0,0.08,0.0,-18.213,-21.781,220.0,-0.858,0.513,-0.018,0.08,-0.0,1.093,Within tolerance
93.0,-17.662,-21.03,220.0,0.08,0.0,-17.726,-20.981,220.0,-0.855,0.518,-0.018,0.08,-0.0,1.103,Within tolerance
94.0,-17.18,-20.242,220.0,0.08,0.0,-17.247,-20.199,220.0,-0.853,0.522,-0.018,0.08,-0.0,1.1,Within tolerance
95.0,-16.694,-19.457,220.0,0.08,0.0,-16.764,-19.417,220.0,-0.85,0.526,-0.018,0.08,0.0,1.102,Out of spec
96.0,-16.206,-18.673,220.0,0.08,0.0,-16.269,-18.623,220.0,-0.847,0.531,-0.018,0.08,-0.0,1.11,Within tolerance
97.0,-15.714,-17.891,220.0,0.08,0.0,-15.78,-17.846,220.0,-0.845,0.534,-0.018,0.08,-0.0,1.104,Within tolerance
98.0,-15.219,-17.112,220.0,0.08,0.0,-15.288,-17.072,220.0,-0.842,0.538,-0.018,0.08,0.0,1.104,Out of spec
99.0,-14.719,-16.336,220.0,0.08,0.0,-14.781,-16.285,220.0,-0.839,0.544,-0.018,0.08,0.0,1.111,Out of spec
100.0,-14.215,-15.562,220.0,0.08,0.0,-14.28,-15.516,220.0,-0.836,0.548,-0.018,0.08,-0.0,1.105,Within tolerance
101.0,-13.706,-14.791,220.0,0.08,0.0,-13.775,-14.75,220.0,-0.833,0.553,-0.018,0.08,-0.0,1.106,Within tolerance
102.0,-13.193,-14.024,220.0,0.08,0.0,-13.255,-13.972,220.0,-0.829,0.558,-0.018,0.08,-0.0,1.113,Within tolerance
103.0,-12.675,-13.259,220.0,0.08,0.0,-12.74,-13.212,220.0,-0.826,0.563,-0.018,0.08,0.0,1.104,Out of spec
104.0,-12.153,-12.497,220.0,0.08,0.0,-12.221,-12.456,220.0,-0.823,0.567,-0.018,0.08,0.0,1.107,Out of spec
105.0,-11.626,-11.739,220.0,0.08,0.0,-11.687,-11.687,220.0,-0.82,0.573,-0.018,0.08,-0.0,1.111,Within tolerance
106.0,-11.094,-10.984,220.0,0.08,0.0,-11.159,-10.937,220.0,-0.817,0.577,-0.018,0.08,0.0,1.107,Out of spec
107.0,-10.558,-10.232,220.0,0.08,0.0,-10.627,-10.19,220.0,-0.814,0.581,-0.018,0.08,0.0,1.113,Out of spec
108.0,-10.017,-9.484,220.0,0.08,0.0,-10.078,-9.432,220.0,-0.809,0.587,-0.018,0.08,0.0,1.117,Out of spec
109.0,-9.472,-8.739,220.0,0.08,0.0,-9.536,-8.692,220.0,-0.805,0.593,-0.018,0.08,0.0,1.114,Out of spec
110.0,-8.921,-7.998,220.0,0.08,0.0,-8.989,-7.956,220.0,-0.801,0.598,-0.018,0.08,0.0,1.119,Out of spec
111.0,-8.365,-7.26,220.0,0.08,0.0,-8.426,-7.208,220.0,-0.795,0.607,-0.018,0.08,0.0,1.113,Out of spec
112.0,-7.804,-6.527,220.0,0.08,0.0,-7.869,-6.481,220.0,-0.79,0.612,-0.018,0.08,0.0,1.111,Out of spec
113.0,-7.237,-5.798,220.0,0.08,0.0,-7.295,-5.742,220.0,-0.785,0.62,-0.018,0.08,-0.0,1.112,Within tolerance
114.0,-6.665,-5.073,220.0,0.08,0.0,-6.728,-5.023,220.0,-0.781,0.625,-0.018,0.08,0.0,1.104,Out of spec
115.0,-6.088,-4.352,220.0,0.08,0.0,-6.154,-4.308,220.0,-0.777,0.629,-0.018,0.08,-0.0,1.107,Within tolerance
116.0,-5.505,-3.636,220.0,0.08,0.0,-5.564,-3.583,220.0,-0.772,0.635,-0.018,0.08,-0.0,1.101,Within tolerance
117.0,-4.916,-2.924,220.0,0.08,0.0,-4.981,-2.877,220.0,-0.769,0.639,-0.018,0.08,0.0,1.102,Out of spec
118.0,-4.322,-2.217,220.0,0.08,0.0,-4.38,-2.162,220.0,-0.764,0.645,-0.018,0.08,0.0,1.103,Out of spec
119.0,-3.723,-1.515,220.0,0.08,0.0,-3.786,-1.465,220.0,-0.76,0.65,-0.018,0.08,-0.0,1.104,Within tolerance
120.0,-3.119,-0.816,220.0,0.08,0.0,-3.175,-0.76,220.0,-0.754,0.657,-0.018,0.08,0.0,1.108,Out of spec
121.0,-2.509,-0.123,220.0,0.08,0.0,-2.571,-0.072,220.0,-0.749,0.662,-0.018,0.08,-0.0,1.107,Within tolerance
122.0,-1.894,0.566,220.0,0.08,0.0,-1.95,0.624,220.0,-0.743,0.669,-0.018,0.08,-0.0,1.109,Within tolerance
123.0,-1.275,1.251,220.0,0.08,0.0,-1.338,1.3,220.0,-0.739,0.673,-0.018,0.08,0.0,1.11,Out of spec
124.0,-0.65,1.931,220.0,0.08,0.0,-0.711,1.984,220.0,-0.734,0.679,-0.018,0.08,0.0,1.108,Out of spec
125.0,-0.021,2.607,220.0,0.08,0.0,-0.08,2.661,220.0,-0.729,0.685,-0.018,0.08,0.0,1.106,Out of spec
126.0,0.613,3.279,220.0,0.08,0.0,0.552,3.331,220.0,-0.724,0.69,-0.018,0.08,0.0,1.107,Out of spec
127.0,1.251,3.946,220.0,0.08,0.0,1.199,4.006,220.0,-0.718,0.695,-0.018,0.08,0.0,1.14,Out of spec
128.0,1.894,4.609,220.0,0.08,0.0,1.839,4.667,220.0,-0.714,0.7,-0.018,0.08,0.0,1.134,Out of spec
129.0,2.541,5.267,220.0,0.08,0.0,2.484,5.323,220.0,-0.71,0.704,-0.018,0.08,0.0,1.131,Out of spec
130.0,3.193,5.921,220.0,0.08,0.0,3.134,5.975,220.0,-0.706,0.708,-0.018,0.08,0.0,1.132,Within tolerance
131.0,3.85,6.57,220.0,0.08,0.0,3.799,6.632,220.0,-0.7,0.714,-0.018,0.08,0.0,1.136,Within tolerance
132.0,4.511,7.215,220.0,0.08,0.0,4.458,7.275,220.0,-0.696,0.718,-0.018,0.08,0.0,1.134,Out of spec
133.0,5.177,7.855,220.0,0.08,0.0,5.121,7.912,220.0,-0.692,0.722,-0.018,0.08,0.0,1.136,Out of spec
134.0,5.848,8.49,220.0,0.08,0.0,5.79,8.545,220.0,-0.688,0.726,-0.018,0.08,0.0,1.139,Out of spec
135.0,6.523,9.119,220.0,0.08,0.0,6.473,9.182,220.0,-0.682,0.731,-0.018,0.08,0.0,1.143,Out of spec
136.0,7.204,9.744,220.0,0.08,0.0,7.151,9.804,220.0,-0.677,0.736,-0.018,0.08,-0.0,1.146,Within tolerance
137.0,7.89,10.362,220.0,0.08,0.0,7.835,10.419,220.0,-0.672,0.741,-0.018,0.08,-0.0,1.152,Within tolerance
138.0,8.582,10.973,220.0,0.08,0.0,8.524,11.029,220.0,-0.665,0.746,-0.017,0.08,0.0,1.163,Out of spec
139.0,9.28,11.577,220.0,0.08,0.0,9.242,11.647,220.0,-0.654,0.756,-0.017,0.08,-0.0,1.163,Within tolerance
140.0,9.985,12.174,220.0,0.08,0.0,9.933,12.234,220.0,-0.648,0.762,-0.017,0.08,-0.0,1.143,Within tolerance
141.0,10.697,12.761,220.0,0.08,0.0,10.642,12.819,220.0,-0.639,0.769,-0.017,0.08,0.0,1.154,Out of spec
142.0,11.417,13.339,220.0,0.08,0.0,11.37,13.404,220.0,-0.626,0.78,-0.017,0.08,-0.0,1.16,Within tolerance
143.0,12.146,13.906,220.0,0.08,0.0,12.096,13.969,220.0,-0.614,0.789,-0.017,0.08,0.0,1.166,Out of spec
144.0,12.884,14.461,220.0,0.08,0.0,12.832,14.521,220.0,-0.601,0.799,-0.017,0.08,0.0,1.177,Out of spec
145.0,13.633,15.002,220.0,0.08,0.0,13.588,15.068,220.0,-0.584,0.812,-0.017,0.08,-0.0,1.182,Within tolerance
146.0,14.391,15.529,220.0,0.08,0.0,14.343,15.593,220.0,-0.567,0.823,-0.017,0.08,0.0,1.187,Out of spec
147.0,15.16,16.04,220.0,0.08,0.0,15.12,16.109,220.0,-0.544,0.839,-0.016,0.08,0.0,1.19,Out of spec
148.0,15.94,16.535,220.0,0.08,0.0,15.895,16.602,220.0,-0.522,0.853,-0.016,0.08,0.0,1.187,Out of spec
149.0,16.731,17.01,220.0,0.08,0.0,16.695,17.082,220.0,-0.492,0.87,-0.016,0.08,0.0,1.18,Out of spec
150.0,17.539,17.457,220.0,0.08,0.0,17.499,17.527,220.0,-0.466,0.884,-0.016,0.08,-0.0,1.175,Within tolerance
151.0,18.367,17.867,220.0,0.08,0.0,18.336,17.94,220.0,-0.426,0.905,-0.015,0.08,0.0,1.18,Out of spec
152.0,19.217,18.226,220.0,0.08,0.0,19.182,18.298,220.0,-0.386,0.922,-0.015,0.08,0.0,1.196,Out of spec
153.0,20.092,18.522,220.0,0.08,0.0,20.081,18.601,220.0,-0.293,0.956,-0.014,0.08,0.0,1.215,Out of spec
154.0,20.986,18.752,220.0,0.08,0.0,20.974,18.831,220.0,-0.255,0.967,-0.014,0.08,-0.0,1.213,Within tolerance
155.0,21.891,18.934,220.0,0.08,0.0,21.883,19.013,220.0,-0.157,0.988,-0.012,0.08,-0.0,1.235,Within tolerance
156.0,22.802,19.088,220.0,0.08,0.0,22.789,19.167,220.0,-0.052,0.999,-0.011,0.08,0.0,1.201,Out of spec
157.0,22.892,19.094,220.0,0.08,0.0,22.874,19.171,220.0,-0.052,0.999,-0.011,0.08,-0.0,1.212,Within tolerance
158.0,22.983,19.082,220.0,0.08,0.0,23.015,19.156,220.0,0.388,0.922,-0.003,0.08,0.0,1.218,Out of spec
159.0,23.069,19.055,220.0,0.08,0.0,23.125,19.112,220.0,0.743,0.669,0.004,0.08,-0.0,1.193,Within tolerance
160.0,23.149,19.012,220.0,0.08,0.0,23.218,19.052,220.0,0.876,0.482,0.01,0.08,-0.0,1.157,Within tolerance
161.0,23.219,18.955,220.0,0.08,0.0,23.297,18.972,220.0,0.969,0.246,0.012,0.08,0.0,1.11,Out of spec
162.0,23.278,18.885,220.0,0.08,0.0,23.355,18.909,220.0,0.969,0.246,0.012,0.08,0.0,1.071,Out of spec
163.0,23.323,18.806,220.0,0.08,0.0,23.402,18.801,220.0,1.0,-0.01,0.005,0.08,0.0,1.049,Out of spec
164.0,23.352,18.72,220.0,0.08,0.0,23.423,18.683,220.0,0.855,-0.518,0.0,0.08,-0.0,0.999,Within tolerance
165.0,23.365,18.631,220.0,0.08,0.0,23.425,18.578,220.0,0.714,-0.7,0.0,0.08,-0.0,0.932,Within tolerance
166.0,23.36,18.54,220.0,0.08,0.0,23.424,18.492,220.0,0.714,-0.7,0.0,0.08,0.0,0.878,Out of spec
167.0,23.339,18.452,220.0,0.08,0.0,23.382,18.384,220.0,0.544,-0.839,0.0,0.08,0.0,0.833,Out of spec
168.0,23.302,18.369,220.0,0.08,0.0,23.35,18.305,220.0,0.544,-0.839,0.0,0.08,-0.0,0.785,Within tolerance
169.0,23.251,18.294,220.0,0.08,0.0,23.305,18.235,220.0,0.544,-0.839,0.0,0.08,0.0,0.761,Out of spec
170.0,23.186,18.231,220.0,0.08,0.0,23.213,18.156,220.0,0.512,-0.859,0.0,0.08,0.0,0.743,Out of spec
171.0,23.11,18.18,220.0,0.08,0.0,23.146,18.109,220.0,0.512,-0.859,0.0,0.08,-0.0,0.726,Within tolerance
